NOMS_NUMBER,DATE_OF_BIRTH,GIVEN_NAME_1,GIVEN_NAME_2,GIVEN_NAME_3,SURNAME,SALUTATION,GENDER_CODE,PNC_ID,NATIONALITY_CODE,CRIMINAL_RECORDS_OFFICE_NUMBER,ESTABLISHMENT_CODE,NOMIS_OFFENDER_ID,ETHNICITY_CODE,WORKING_NAME
A1234BC,1970/01/01 00:00:00,LARRY,,,LATITUDE,,M,,,,LEI,1056827,W1,Y
A1234BC,1970/01/01 00:00:00,LARRY,,,LATTITUDE,,M,,,,LEI,1055829,W1,N
A1234BU,1970/01/01 00:00:00,BOB,,,LATTITUDE,,M,,,,LEI,1055847,W1,Y
A1401AE,1970/01/01 00:00:00,JILLY,,,HALL,,F,,BRIT,,LEI,1055026,A1,Y
A1402AE,1970/01/01 00:00:00,SALLY,,,LAVIS,,F,,,,LEI,1055046,W1,Y
A1403AE,1976/08/23 00:00:00,JOHN,,,SMITH,,M,,,,LEI,1055066,W1,Y
A1404AE,1995/09/04 00:00:00,THOMAS,CONNOR,,HICKINBOTHAM,,M,,,,ISI,1055086,W1,Y
A1405AE,1962/02/04 00:00:00,MARK,,,HADLUM,,M,,,,OUT,1055106,W1,Y
A1406AE,1954/01/04 00:00:00,MICHAEL,,,JONES,,M,,,,LEI,1055126,B1,Y
A1407AE,1955/01/01 00:00:00,EDWARD,,,WEBBER,,M,,,,LEI,1055146,W1,Y
A1408AE,1990/01/01 00:00:00,ESTHER,,,OGANA,,F,,,,LEI,1055166,W1,Y
A1409AE,1989/01/21 00:00:00,JAMES,,,HALLS,,M,,,,LEI,1055186,W1,Y
A1410AE,1960/06/01 00:00:00,JILLY,,,HALLY,,F,,,,LEI,1055206,W1,Y
A1411AE,1959/09/23 00:00:00,GEORGE,,,MELLEY,,M,,BRIT,,LEI,1055226,W1,Y
A1412AE,1963/01/01 00:00:00,JAMES,,,BOND,MR,M,,,,LEI,1055246,W1,Y
A1413AE,1959/02/02 00:00:00,NORMAN,STANLEY,,FLETCHER,MR,M,,,,LEI,1055266,W1,Y
A1414AE,1968/03/03 00:00:00,LENNIE,,,GODBER,MR,M,,,,LEI,1055286,W1,Y
A1415AE,1975/04/04 00:00:00,KYLE,,,REECE,MR,M,,,,LEI,1055306,M1,Y
A1416AE,1945/05/05 00:00:00,RONALD,,,REAGAN,,M,,,,LEI,1055326,W1,Y
A1417AE,1962/06/06 00:00:00,GEORGE,,,BUSH,MR,M,,BRIT,,LEI,1055346,W1,Y
A1418AE,1996/07/07 00:00:00,ANDREW,,,CHILD,,M,,,,LEI,1055366,W1,Y
A1419AE,1975/08/08 00:00:00,JOHN,,,LEWIS,,M,,,,LEI,1055386,W1,Y
A1420AE,1996/09/09 00:00:00,JAMES,,,TAYLOR,,M,,,,LEI,1055406,A1,Y
A1421AE,1996/01/01 00:00:00,JAMES,,,HERBERT,,M,,,,LEI,1055426,W1,Y
A1422AE,1978/07/19 00:00:00,PATRICK,,,ROWETT,,M,,,,BXI,1055446,W1,Y
A1423AE,1974/06/05 00:00:00,JOHN,,,BALL,,M,,,,LEI,1055466,W1,Y
A1424AE,1954/06/15 00:00:00,CHARLES,,,BRODIE,,M,,,,LEI,1055486,B1,Y
A1425AE,1978/07/19 00:00:00,RICHARD,,,CALLAGHAN,,M,,,,LEI,1055506,W1,Y
A1427AE,1976/02/11 00:00:00,CHRISTOPHER,,,WESTON,,M,,,,ISI,1055546,W3,Y
A1429AE,1980/01/01 00:00:00,JOE,JIM,JAM,BLOGGS,MR,M,,,,ALI,1055586,W1,Y
A1430AE,1970/01/01 00:00:00,JOHNSON,,,SMITH,,M,,,,LEI,1055606,W1,Y
A1433AE,1985/09/10 00:00:00,DOM,,,SMITH,,M,,IRISH,12345,LEI,1055627,W3,Y
A1433AE,1985/09/10 00:00:00,DOM1,,,SMYTH,,M,,IRISH,,LEI,1058447,W1,N
A1435AE,1958/04/14 00:00:00,ALI,,,OSBORNE,,NS,,,,LEI,1055667,B1,Y
A1436AE,1945/05/14 00:00:00,MELVIN,,,DOUGLAS,,M,,,,LEI,1055687,W1,Y
A1437AE,1975/01/23 00:00:00,JEREMY,,,DELGADO,,M,,,,LEI,1055707,W1,Y
A1438AE,1989/01/12 00:00:00,MALCOM,,,ROY,,M,,,,LEI,1055708,B1,Y
A1439AE,1977/05/08 00:00:00,NOAH,,,MOLINA,,M,,,,LEI,1055709,W1,Y
A1440AE,1966/02/18 00:00:00,CARSON,,,WRIGHT,,M,,,,LEI,1055710,A1,Y
A1441AE,1955/04/02 00:00:00,DANIEL,,,HESTER,,M,,,,LEI,1055711,W1,Y
A1442AE,1970/09/05 00:00:00,ALADDIN,,,ROSARIO,,M,,,,LEI,1055712,B1,Y
A1443AE,1946/02/05 00:00:00,JASON,,,REEVES,,M,,,,LEI,1055713,W1,Y
A1444AE,1945/05/06 00:00:00,JERMAINE,,,BENDER,,M,,,,LEI,1055714,W2,Y
A1445AE,1948/08/21 00:00:00,DUNCAN,,,YATES,,M,,,,LEI,1055715,W1,Y
A1446AE,1949/09/14 00:00:00,ELMO,,,ALBERT,,M,,,,LEI,1055716,W1,Y
A1447AE,1948/10/04 00:00:00,TANEK,,,CURTIS,,M,,,,LEI,1055717,W2,Y
A1448AE,1966/05/31 00:00:00,NISSIM,,,LAMBERT,,M,,,,LEI,1055718,W1,Y
A1449AE,1992/12/11 00:00:00,MANNIX,,,MARSH,,M,,,,ISI,1055719,W1,Y
A1450AE,1986/12/30 00:00:00,NICHOLAS,,,FINNEY,,M,,,,LEI,1055720,W1,Y
A1451AE,1981/06/23 00:00:00,CIARAN,,,MCINTOSH,,M,,,,LEI,1055721,W2,Y
A1457AE,1967/07/12 00:00:00,EDDIE,,,MARS,,M,,,,LEI,1055807,W1,Y
A1458AE,1955/05/13 00:00:00,VITO,,,CORLEONE,,M,,,,BMI,1055808,B1,Y
A1459AE,1976/06/12 00:00:00,JAMES,,,LATITUDE,,M,ABCD123456789012345,,DDSADES9372,LEI,1056828,W1,Y
A1459AE,1976/06/12 00:00:00,JIM,,,LATTITUDE,,M,,,,LEI,1055827,W1,N
A1459AE,1976/06/12 00:00:00,JAMES,,,LATTITUDE,,M,,,,LEI,1055867,W1,N
A1459AE,1982/06/12 00:00:00,JIMBO,,,LATTITUDE,,M,,,,LEI,1055868,W1,N
A1460AE,1985/05/01 00:00:00,FRED,,,LATTITUDE,,M,,,,BMI,1055828,W1,Y
A1464AE,1981/10/10 00:00:00,KUMAR,,,DHUMKE,,M,,BRIT,,OUT,1056847,A1,Y
A1464AE,1980/10/10 00:00:00,KUMAR,,,DHUMKE,,M,,BRIT,,OUT,1056907,W1,N
A1465AE,1992/02/01 00:00:00,DI LANDA,,,CESIDIO,,M,,,,LEI,1056867,W1,Y
A1465AE,1982/03/02 00:00:00,DEL,,,CESI,,M,,,,LEI,1056868,W1,N
A1466AE,1970/10/10 00:00:00,JAGS,,,PARBHA,,M,,,,LEI,1056887,W1,Y
A1523AE,1980/10/10 00:00:00,SUNIL,,,GHADI,,M,,,123456,LEI,1057127,W3,Y
A1523AE,1989/11/09 00:00:00,SUNNY,,,GHADI,,M,,,5555555,LEI,1058207,W1,N
A1541AE,1980/10/10 00:00:00,MOEEN,,,ALI,,M,,,,LEI,1057310,W1,Y
A1541AE,1982/10/10 00:00:00,MO,,,ALI,,M,,,CRO232WRW,LEI,1057311,W3,N
A1541AE,1983/10/10 00:00:00,M,,,ALI,,M,,,COR49WDD,LEI,1057328,W1,N
A1563AE,1970/10/10 00:00:00,HALL,,,JILL,,M,,,CRO3456,LEI,1057487,B1,Y
A1563AE,1970/10/10 00:00:00,HALL,,,JILLY,,M,,,CRO1234,LEI,1057467,W1,N
A1563AE,1970/10/10 00:00:00,HALL,,,JIL,,M,,,CRO12345,LEI,1057488,W1,N
A1570AE,1980/10/10 00:00:00,GERRY,,,GRANT,,M,,,,LEI,1057588,A1,Y
A1606AE,1980/10/10 00:00:00,JOHN,,,GRANT,,M,,,,LEI,1057910,W1,Y
A1606AE,1980/10/10 00:00:00,JO,,,GRANT,,M,,,,LEI,1057912,W1,N
A1606AE,1980/10/10 00:00:00,JOHNY,,,GRANT,,M,,,,LEI,1057911,B1,N
A1606AE,1980/10/10 00:00:00,JON,,,GRANT,,M,,,,LEI,1057914,W1,N
A1661AE,1980/10/10 00:00:00,PAUL,,,GRANT,,M,,BRIT,,LEI,1058467,W3,Y
A1662AE,1980/10/10 00:00:00,IGOR,,,MOORE,,M,,ICE,,LEI,1058487,W1,Y
A1664AE,1980/10/10 00:00:00,LIAM,,,FOX,,M,,CAMB,,LEI,1058527,W1,Y
A1665AE,1980/10/10 00:00:00,BOMAN,,,GRANT,,M,,,,LEI,1058547,W2,Y
A1668AE,1980/10/10 00:00:00,GERRY,,,GRANT,,M,,,,LEI,1058569,W1,Y
A1669AE,1980/10/10 00:00:00,JO,,,GRANT,,M,,,,LEI,1058587,W1,Y
A1670AE,1980/10/10 00:00:00,JAYANT,,,YADAV,,M,,,,BMI,1058607,W1,Y
A1673AE,1980/10/10 00:00:00,RAVI,,,JADEJA,,M,,,,LEI,1058629,W2,Y
A1674AE,1980/10/10 00:00:00,AMIT,,,MISHRA,,M,,,,LEI,1058647,W1,Y
A1675AE,1980/10/10 00:00:00,UMESH,,,YADAV,,M,,,,OUT,1058667,W2,Y
A1676AE,1980/10/10 00:00:00,VIR,,,SAHA,,M,,,,BMI,1058687,W1,Y
A1677AE,1980/10/10 00:00:00,BOMAN,,,IRANI,,M,,,,LEI,1058707,W1,Y
A1678AE,1980/10/10 00:00:00,ED,,,BALLS,,M,,,,OUT,1058708,A1,Y
A1679AE,1990/01/01 00:00:00,TEST2,,,ROOT,,NK,,,,LEI,1058710,W1,Y
A1679AE,1980/01/01 00:00:00,TEST1,,,ROOT,,M,,,,LEI,1058709,B1,N
A1679AE,1990/01/01 00:00:00,TEST3,,,ROOT,,M,,,,LEI,1058711,W1,N
A1679AE,1979/01/01 00:00:00,TEST4,,,ROOT,,M,,,,LEI,1058712,B1,N
A1680AE,1980/10/10 00:00:00,NARENDRA,,,PATEL,,M,,BRIT,,OUT,1058727,W1,Y
A1681AE,1980/10/10 00:00:00,RAHUL,,,GANDHI,,M,,BRIT,,BMI,1058728,A1,Y
A1682AE,1980/10/10 00:00:00,GAUTAM,,,GAMBHIR,,M,,IRISH,,OUT,1058729,W1,Y
A1682AE,1980/10/10 00:00:00,GAUTI,,,GAMBHIR,,M,,IRISH,CRO1234,OUT,1058730,W1,N
A1683AE,1980/10/10 00:00:00,RAFA,,,NADAL,,M,,BRIT,CRO0214232,BMI,1058747,A1,Y
A1683AE,1980/10/10 00:00:00,RAFAEL,,,NADAL,MR,M,,BRIT,,BMI,1058748,W1,N
A1694AE,1980/10/10 00:00:00,STEPHEN,,,EDBERG,,M,,,,LEI,1058887,W1,Y
A1697AE,1980/10/10 00:00:00,JO,A,B,BALLS,MR,M,,BRIT,,LEI,1058928,B1,Y
A1718AE,1980/10/10 00:00:00,ALEX,B,D,COOK,,M,,,,LEI,1059176,W1,Y
A1736AE,1980/10/10 00:00:00,JAMES,,,WATTS,,M,,,,LEI,1059347,W1,Y
A1755AE,1980/10/10 00:00:00,IMRAN,,,KHAN,,M,,IRISH,CRO34679,LEI,1059547,B1,Y
A1755AE,1980/10/10 00:00:00,IMRU,,,KHAN,,M,,IRISH,CRO54556,LEI,1059548,A1,N
